{"cameraMode":{"drawMode":0,"name":"Shaded","section":"Shading Mode"},"sceneLighting":false,"audioPlay":false,"sceneViewState":{"showFog":true,"showMaterialUpdate":false,"showSkybox":true,"showFlares":true,"showImageEffects":true,"showParticleSystems":true},"in2DMode":false,"pivot":{"x":-9.998592376708985,"y":2.74050235748291,"z":-308.8878173828125},"rotation":{"x":0.28199559450149538,"y":0.07677952945232392,"z":-0.022632285952568055,"w":0.956107497215271},"size":1.6094167232513428,"orthographic":false}